,指数代码,指数简称,指数@收盘价:不复权[20231122],指数@涨跌幅:前复权[20231122],指数@同花顺概念指数,market_code,code
0,886060.TI,短剧游戏,1180.908,3.8606,同花顺概念指数,48,886060
1,886059.TI,智能座舱,1043.276,-2.3402,同花顺概念指数,48,886059
2,886058.TI,华为昇腾,1242.9,-1.2411,同花顺概念指数,48,886058
3,886057.TI,新型工业化,1126.209,-1.4638,同花顺概念指数,48,886057
4,886056.TI,阿尔茨海默概念,1022.481,-0.3813,同花顺概念指数,48,886056
5,886055.TI,星闪概念,1053.121,-1.4321,同花顺概念指数,48,886055
6,886054.TI,光刻机,1095.802,-2.072,同花顺概念指数,48,886054
7,886053.TI,BC电池,936.159,-1.9955,同花顺概念指数,48,886053
8,886052.TI,核污染防治,996.421,-1.0564,同花顺概念指数,48,886052
9,886051.TI,减肥药,1170.559,-0.5816,同花顺概念指数,48,886051
10,886050.TI,算力租赁,1078.092,-0.7729,同花顺概念指数,48,886050
11,886049.TI,空间计算,949.322,-0.2857,同花顺概念指数,48,886049
12,886048.TI,英伟达概念,994.51,-2.3883,同花顺概念指数,48,886048
13,886047.TI,脑机接口,1091.468,-0.7211,同花顺概念指数,48,886047
14,886046.TI,MR（混合现实）,1015.762,-2.2828,同花顺概念指数,48,886046
15,886045.TI,同花顺中特估100,877.668,-0.8121,同花顺概念指数,48,886045
16,886044.TI,液冷服务器,912.818,-2.0001,同花顺概念指数,48,886044
17,886043.TI,太赫兹,1099.513,-1.612,同花顺概念指数,48,886043
18,886042.TI,存储芯片,1007.784,-1.2726,同花顺概念指数,48,886042
19,886041.TI,数据要素,1015.179,0.1046,同花顺概念指数,48,886041
20,886040.TI,MLOps概念,910.718,-1.2148,同花顺概念指数,48,886040
21,886039.TI,ERP概念,1031.569,-1.4899,同花顺概念指数,48,886039
22,886038.TI,超导概念,1111.105,-1.6137,同花顺概念指数,48,886038
23,886037.TI,6G概念,1239.167,-1.8983,同花顺概念指数,48,886037
24,886036.TI,时空大数据,1128.822,0.0643,同花顺概念指数,48,886036
25,886035.TI,毫米波雷达,1180.729,-1.3007,同花顺概念指数,48,886035
26,886034.TI,数字水印,946.896,-0.0682,同花顺概念指数,48,886034
27,886033.TI,共封装光学（CPO）,1574.552,-2.7108,同花顺概念指数,48,886033
28,886032.TI,固态电池,789.203,-1.7228,同花顺概念指数,48,886032
29,886031.TI,ChatGPT概念,1507.549,-0.5067,同花顺概念指数,48,886031
30,886030.TI,成飞概念,1122.08,-1.0296,同花顺概念指数,48,886030
31,886029.TI,蒙脱石散,1155.136,-0.0515,同花顺概念指数,48,886029
32,886028.TI,血氧仪,1089.991,-0.3491,同花顺概念指数,48,886028
33,886027.TI,新冠特效药,741.729,-0.2614,同花顺概念指数,48,886027
34,886026.TI,POE胶膜,785.109,-1.4894,同花顺概念指数,48,886026
35,886025.TI,熊去氧胆酸,1025.717,-0.6056,同花顺概念指数,48,886025
36,886024.TI,抗病毒面料,963.961,-0.6104,同花顺概念指数,48,886024
37,886023.TI,数据确权,1395.645,0.9773,同花顺概念指数,48,886023
38,886022.TI,抗原检测,925.323,-0.6487,同花顺概念指数,48,886022
39,886021.TI,国企改革,1081.728,-0.374,同花顺概念指数,48,886021
40,886020.TI,PET铜箔,884.757,-1.2087,同花顺概念指数,48,886020
41,886019.TI,AIGC概念,1544.026,0.3331,同花顺概念指数,48,886019
42,886018.TI,高压氧舱,1060.925,-0.4963,同花顺概念指数,48,886018
43,886017.TI,Web3.0,1549.712,0.1195,同花顺概念指数,48,886017
44,886016.TI,供销社,1102.041,0.1679,同花顺概念指数,48,886016
45,886015.TI,创新药,1130.796,-0.7246,同花顺概念指数,48,886015
46,886014.TI,世界杯,1294.872,-0.6245,同花顺概念指数,48,886014
47,886013.TI,信创,1514.691,-0.2751,同花顺概念指数,48,886013
48,886012.TI,宠物经济,1057.69,0.4202,同花顺概念指数,48,886012
49,886011.TI,光热发电,819.107,-1.3104,同花顺概念指数,48,886011
50,886010.TI,空气能热泵,1014.656,-1.6001,同花顺概念指数,48,886010
51,886009.TI,先进封装,1258.917,-1.3427,同花顺概念指数,48,886009
52,886008.TI,减速器,1138.438,-2.0488,同花顺概念指数,48,886008
53,886007.TI,TOPCON电池,894.978,-2.1769,同花顺概念指数,48,886007
54,886006.TI,钙钛矿电池,820.616,-2.0599,同花顺概念指数,48,886006
55,886005.TI,生物质能发电,843.39,-0.5556,同花顺概念指数,48,886005
56,886004.TI,虚拟电厂,1112.276,-1.2213,同花顺概念指数,48,886004
57,886003.TI,钒电池,1027.717,-1.1926,同花顺概念指数,48,886003
58,886002.TI,机器视觉,1281.501,-1.6531,同花顺概念指数,48,886002
59,886001.TI,高压快充,1197.759,-2.0438,同花顺概念指数,48,886001
60,886000.TI,一体化压铸,1050.614,-2.4199,同花顺概念指数,48,886000
61,885999.TI,汽车热管理,1300.494,-2.188,同花顺概念指数,48,885999
62,885998.TI,F5G概念,1642.244,-2.5703,同花顺概念指数,48,885998
63,885997.TI,比亚迪概念,1213.797,-1.8351,同花顺概念指数,48,885997
64,885996.TI,超超临界发电,1095.301,-1.0402,同花顺概念指数,48,885996
65,885995.TI,粮食概念,935.544,-0.3147,同花顺概念指数,48,885995
66,885994.TI,猴痘概念,897.883,-0.1166,同花顺概念指数,48,885994
67,885993.TI,方舱医院,1166.253,-0.4118,同花顺概念指数,48,885993
68,885992.TI,噪声防治,1258.261,-1.2769,同花顺概念指数,48,885992
69,885991.TI,新型城镇化,1030.23,0.0361,同花顺概念指数,48,885991
70,885990.TI,露营经济,1268.124,-0.59,同花顺概念指数,48,885990
71,885989.TI,肝炎概念,1166.764,-0.0713,同花顺概念指数,48,885989
72,885988.TI,统一大市场,1061.433,-0.15,同花顺概念指数,48,885988
73,885987.TI,MicroLED概念,1080.919,-2.199,同花顺概念指数,48,885987
74,885986.TI,碳交易,913.847,-0.9599,同花顺概念指数,48,885986
75,885985.TI,毛发医疗,1089.898,-0.4013,同花顺概念指数,48,885985
76,885984.TI,恒大概念,1063.905,-1.5597,同花顺概念指数,48,885984
77,885982.TI,华为欧拉,1155.064,-1.2864,同花顺概念指数,48,885982
78,885981.TI,家庭医生,1157.243,-0.8212,同花顺概念指数,48,885981
79,885980.TI,华为鲲鹏,1163.352,-0.498,同花顺概念指数,48,885980
80,885978.TI,低辐射玻璃（Low-E）,943.387,-0.9714,同花顺概念指数,48,885978
81,885977.TI,国资云,1471.071,0.5949,同花顺概念指数,48,885977
82,885976.TI,数字经济,1292.592,-0.2066,同花顺概念指数,48,885976
83,885975.TI,电子身份证,1297.082,-1.3062,同花顺概念指数,48,885975
84,885974.TI,两轮车,1134.336,-1.3454,同花顺概念指数,48,885974
85,885973.TI,金属铜,871.301,-1.6568,同花顺概念指数,48,885973
86,885972.TI,金属回收,800.654,-1.3875,同花顺概念指数,48,885972
87,885971.TI,金属铅,843.378,-1.3401,同花顺概念指数,48,885971
88,885970.TI,金属锌,873.309,-1.4425,同花顺概念指数,48,885970
89,885969.TI,金属镍,711.777,-1.4057,同花顺概念指数,48,885969
90,885968.TI,托育服务,909.345,-1.0244,同花顺概念指数,48,885968
91,885967.TI,化肥,778.631,-0.623,同花顺概念指数,48,885967
92,885966.TI,跨境支付（CIPS）,1111.365,-0.8918,同花顺概念指数,48,885966
93,885965.TI,中俄贸易概念,1197.563,-0.7934,同花顺概念指数,48,885965
94,885964.TI,俄乌冲突概念,988.063,-0.8927,同花顺概念指数,48,885964
95,885963.TI,智慧灯杆,1176.829,-0.4797,同花顺概念指数,48,885963
96,885962.TI,土壤修复,853.77,-0.7078,同花顺概念指数,48,885962
97,885961.TI,净水概念,901.367,-0.7902,同花顺概念指数,48,885961
98,885960.TI,民爆概念,1131.744,-1.3665,同花顺概念指数,48,885960
99,885959.TI,PCB概念,990.217,-1.941,同花顺概念指数,48,885959
100,885958.TI,硅能源,882.959,-1.3215,同花顺概念指数,48,885958
101,885957.TI,东数西算（算力）,1515.495,-0.7228,同花顺概念指数,48,885957
102,885956.TI,智慧政务,1190.684,0.1063,同花顺概念指数,48,885956
103,885955.TI,重组蛋白,734.759,-0.7082,同花顺概念指数,48,885955
104,885954.TI,新冠治疗,910.842,-0.2015,同花顺概念指数,48,885954
105,885953.TI,电子纸,998.098,-1.9344,同花顺概念指数,48,885953
106,885952.TI,幽门螺杆菌概念,1028.953,-0.0157,同花顺概念指数,48,885952
107,885951.TI,预制菜,1026.829,0.6081,同花顺概念指数,48,885951
108,885950.TI,虚拟数字人,1111.084,0.3005,同花顺概念指数,48,885950
109,885948.TI,柔性直流输电,879.444,-1.6849,同花顺概念指数,48,885948
110,885947.TI,DRG/DIP,1011.561,-0.4302,同花顺概念指数,48,885947
111,885946.TI,传感器,982.656,-1.2829,同花顺概念指数,48,885946
112,885945.TI,汽车芯片,752.587,-2.1621,同花顺概念指数,48,885945
113,885944.TI,动力电池回收,659.739,-1.6356,同花顺概念指数,48,885944
114,885943.TI,EDR概念,950.346,-1.9752,同花顺概念指数,48,885943
115,885942.TI,数据安全,967.695,-0.258,同花顺概念指数,48,885942
116,885941.TI,智能制造,991.586,-1.2824,同花顺概念指数,48,885941
117,885940.TI,WiFi 6,1160.295,-1.9561,同花顺概念指数,48,885940
118,885939.TI,海峡两岸,1161.245,-0.9075,同花顺概念指数,48,885939
119,885938.TI,换电概念,1204.273,-1.556,同花顺概念指数,48,885938
120,885937.TI,培育钻石,843.541,-1.453,同花顺概念指数,48,885937
121,885936.TI,绿色电力,878.854,-0.7379,同花顺概念指数,48,885936
122,885935.TI,抽水蓄能,946.236,-0.9664,同花顺概念指数,48,885935
123,885934.TI,元宇宙,1429.615,-0.2939,同花顺概念指数,48,885934
124,885933.TI,NFT概念,1465.795,0.6096,同花顺概念指数,48,885933
125,885932.TI,北交所概念,1166.73,-0.8847,同花顺概念指数,48,885932
126,885931.TI,PVDF概念,786.816,-1.5695,同花顺概念指数,48,885931
127,885930.TI,工业母机,1105.352,-1.8043,同花顺概念指数,48,885930
128,885929.TI,专精特新,1007.384,-1.1361,同花顺概念指数,48,885929
129,885928.TI,钠离子电池,887.537,-1.7996,同花顺概念指数,48,885928
130,885927.TI,CRO概念,781.25,-2.0633,同花顺概念指数,48,885927
131,885926.TI,牙科医疗,908.503,-1.0303,同花顺概念指数,48,885926
132,885925.TI,MCU芯片,994.095,-2.064,同花顺概念指数,48,885925
133,885924.TI,共同富裕示范区,1100.843,-0.612,同花顺概念指数,48,885924
134,885923.TI,鸿蒙概念,1458.949,-1.6822,同花顺概念指数,48,885923
135,885922.TI,盐湖提锂,1245.332,-1.425,同花顺概念指数,48,885922
136,885921.TI,储能,1618.244,-1.3675,同花顺概念指数,48,885921
137,885920.TI,光伏建筑一体化,1357.434,-0.5563,同花顺概念指数,48,885920
138,885919.TI,碳中和,1473.729,-0.716,同花顺概念指数,48,885919
139,885918.TI,快手概念,1531.772,1.2927,同花顺概念指数,48,885918
140,885917.TI,新冠检测,950.885,-0.5286,同花顺概念指数,48,885917
141,885916.TI,同花顺漂亮100,703.847,-1.3323,同花顺概念指数,48,885916
142,885915.TI,物业管理,1121.483,0.449,同花顺概念指数,48,885915
143,885914.TI,煤炭概念,1714.943,-0.7211,同花顺概念指数,48,885914
144,885913.TI,医美概念,1253.954,-0.4307,同花顺概念指数,48,885913
145,885912.TI,有机硅概念,1419.078,-1.4502,同花顺概念指数,48,885912
146,885911.TI,社区团购,864.921,1.4168,同花顺概念指数,48,885911
147,885910.TI,拼多多概念,1012.755,0.1765,同花顺概念指数,48,885910
148,885909.TI,辅助生殖,1216.07,0.0717,同花顺概念指数,48,885909
149,885908.TI,第三代半导体,1248.839,-1.6884,同花顺概念指数,48,885908
150,885907.TI,科创次新股,700.708,-1.8472,同花顺概念指数,48,885907
151,885906.TI,核准制次新股,944.633,0.3349,同花顺概念指数,48,885906
152,885905.TI,注册制次新股,294.73,-1.5335,同花顺概念指数,48,885905
153,885904.TI,代糖概念,790.451,-0.3131,同花顺概念指数,48,885904
154,885903.TI,环氧丙烷,1304.069,-1.0472,同花顺概念指数,48,885903
155,885902.TI,汽车拆解概念,994.788,-0.7217,同花顺概念指数,48,885902
156,885901.TI,可降解塑料,1116.627,-0.425,同花顺概念指数,48,885901
157,885900.TI,NMN概念,1193.565,0.2354,同花顺概念指数,48,885900
158,885899.TI,新型烟草,1138.476,-1.6292,同花顺概念指数,48,885899
159,885898.TI,免税店,883.315,-0.3045,同花顺概念指数,48,885898
160,885897.TI,中芯国际概念,1356.065,-1.6002,同花顺概念指数,48,885897
161,885895.TI,室外经济,1925.309,-0.8552,同花顺概念指数,48,885895
162,885894.TI,海南自贸区,1199.004,0.0714,同花顺概念指数,48,885894
163,885893.TI,国家大基金持股,1193.026,-1.6382,同花顺概念指数,48,885893
164,885890.TI,抖音概念,1224.092,0.4842,同花顺概念指数,48,885890
165,885888.TI,C2M概念,1357.891,-1.3183,同花顺概念指数,48,885888
166,885887.TI,数据中心,1399.733,-0.9936,同花顺概念指数,48,885887
167,885886.TI,超级电容,1616.011,-1.4278,同花顺概念指数,48,885886
168,885884.TI,航空发动机,1750.644,-1.3529,同花顺概念指数,48,885884
169,885883.TI,医疗废物处理,1204.704,-0.6492,同花顺概念指数,48,885883
170,885882.TI,消毒剂,1519.634,-0.849,同花顺概念指数,48,885882
171,885881.TI,云办公,1582.217,-1.1122,同花顺概念指数,48,885881
172,885879.TI,流感,1417.796,0.0624,同花顺概念指数,48,885879
173,885878.TI,HJT电池,2395.516,-1.8105,同花顺概念指数,48,885878
174,885877.TI,转基因,1606.741,0.0014,同花顺概念指数,48,885877
175,885876.TI,网红经济,1231.223,0.2238,同花顺概念指数,48,885876
176,885875.TI,MiniLED,1442.021,-1.75,同花顺概念指数,48,885875
177,885874.TI,云游戏,1188.636,-0.2345,同花顺概念指数,48,885874
178,885873.TI,分拆上市意愿,1382.175,-1.0118,同花顺概念指数,48,885873
179,885871.TI,胎压监测,1818.432,-2.4715,同花顺概念指数,48,885871
180,885869.TI,三季报预增,2887.068,-1.0336,同花顺概念指数,48,885869
181,885868.TI,无线耳机,1558.758,-1.1273,同花顺概念指数,48,885868
182,885867.TI,标普道琼斯A股,1367.059,-0.8468,同花顺概念指数,48,885867
183,885866.TI,数字货币,1667.685,-1.0634,同花顺概念指数,48,885866
184,885865.TI,钴,1509.472,-1.7771,同花顺概念指数,48,885865
185,885864.TI,光刻胶,2661.403,-1.7027,同花顺概念指数,48,885864
186,885863.TI,磷化工,1792.445,-0.8517,同花顺概念指数,48,885863
187,885861.TI,ETC,1579.736,-0.6603,同花顺概念指数,48,885861
188,885860.TI,中船系,1226.828,-1.3866,同花顺概念指数,48,885860
189,885856.TI,仿制药一致性评价,1530.25,-0.1348,同花顺概念指数,48,885856
190,885854.TI,垃圾分类,1380.64,-1.0027,同花顺概念指数,48,885854
191,885852.TI,青蒿素,1649.221,-0.8425,同花顺概念指数,48,885852
192,885851.TI,烟草,1275.227,-0.8843,同花顺概念指数,48,885851
193,885849.TI,黑龙江自贸区,1333.404,-0.6317,同花顺概念指数,48,885849
194,885846.TI,动物疫苗,1491.741,-0.0354,同花顺概念指数,48,885846
195,885845.TI,生物疫苗,1886.974,-0.4467,同花顺概念指数,48,885845
196,885844.TI,国产操作系统,1624.066,-0.8248,同花顺概念指数,48,885844
197,885843.TI,华为海思概念股,2309.549,-1.463,同花顺概念指数,48,885843
198,885842.TI,数字乡村,1571.087,0.0492,同花顺概念指数,48,885842
199,885840.TI,人民币贬值受益,1471.48,-0.7479,同花顺概念指数,48,885840
200,885839.TI,人造肉,1216.656,-0.5284,同花顺概念指数,48,885839
201,885838.TI,眼科医疗,1718.094,-0.5352,同花顺概念指数,48,885838
202,885835.TI,参股银行,1163.893,-0.5549,同花顺概念指数,48,885835
203,885834.TI,华为汽车,2106.053,-2.425,同花顺概念指数,48,885834
204,885832.TI,长三角一体化,1207.202,-0.7158,同花顺概念指数,48,885832
205,885829.TI,丙烯酸,1561.041,-1.0734,同花顺概念指数,48,885829
206,885827.TI,横琴新区,1383.765,-0.9326,同花顺概念指数,48,885827
207,885825.TI,冰雪产业,1066.778,-0.1169,同花顺概念指数,48,885825
208,885823.TI,氢能源,1775.387,-1.2559,同花顺概念指数,48,885823
209,885820.TI,数字孪生,1351.905,-0.2279,同花顺概念指数,48,885820
210,885819.TI,电力物联网,1483.584,-1.555,同花顺概念指数,48,885819
211,885818.TI,工业大麻,1390.783,-0.7461,同花顺概念指数,48,885818
212,885816.TI,超清视频,1692.803,-0.2402,同花顺概念指数,48,885816
213,885814.TI,信托概念,905.68,-0.7914,同花顺概念指数,48,885814
214,885812.TI,农业种植,2172.058,-0.1015,同花顺概念指数,48,885812
215,885811.TI,玉米,2224.784,-0.0865,同花顺概念指数,48,885811
216,885810.TI,大豆,2022.98,-0.4466,同花顺概念指数,48,885810
217,885809.TI,柔性屏,1818.508,-1.6826,同花顺概念指数,48,885809
218,885808.TI,养鸡,1330.24,0.7823,同花顺概念指数,48,885808
219,885806.TI,华为概念,2296.269,-1.1892,同花顺概念指数,48,885806
220,885805.TI,芬太尼,1982.265,-0.6773,同花顺概念指数,48,885805
221,885802.TI,壳资源,2269.858,-0.5861,同花顺概念指数,48,885802
222,885800.TI,消费电子概念,1735.207,-1.5753,同花顺概念指数,48,885800
223,885798.TI,燃料乙醇,1092.818,0.5273,同花顺概念指数,48,885798
224,885797.TI,百度概念,1443.833,-0.4356,同花顺概念指数,48,885797
225,885796.TI,送转填权,1009.606,0.7098,同花顺概念指数,48,885796
226,885795.TI,国产航母,1608.492,-0.9611,同花顺概念指数,48,885795
227,885792.TI,赛马概念,789.316,-0.2696,同花顺概念指数,48,885792
228,885791.TI,知识产权保护,1514.284,2.5963,同花顺概念指数,48,885791
229,885790.TI,边缘计算,1770.598,-1.2031,同花顺概念指数,48,885790
230,885789.TI,宁德时代概念,1402.033,-1.8976,同花顺概念指数,48,885789
231,885788.TI,网络直播,794.415,0.2807,同花顺概念指数,48,885788
232,885787.TI,独角兽概念,1512.164,-0.8459,同花顺概念指数,48,885787
233,885786.TI,富士康概念,1555.826,-2.0451,同花顺概念指数,48,885786
234,885785.TI,小米概念,1319.471,-1.7078,同花顺概念指数,48,885785
235,885784.TI,新零售,992.181,-0.0977,同花顺概念指数,48,885784
236,885783.TI,工业互联网,1789.023,-1.4542,同花顺概念指数,48,885783
237,885782.TI,水泥概念,1043.049,-0.8845,同花顺概念指数,48,885782
238,885781.TI,石墨电极,985.104,-0.4787,同花顺概念指数,48,885781
239,885780.TI,啤酒概念,1375.603,0.1054,同花顺概念指数,48,885780
240,885779.TI,腾讯概念,972.461,-0.4231,同花顺概念指数,48,885779
241,885775.TI,燃料电池,1388.644,-1.8727,同花顺概念指数,48,885775
242,885774.TI,无线充电,1394.432,-1.8696,同花顺概念指数,48,885774
243,885772.TI,语音技术,1394.784,-1.4256,同花顺概念指数,48,885772
244,885771.TI,智能音箱,1628.701,-0.4319,同花顺概念指数,48,885771
245,885770.TI,智能物流,840.101,-1.149,同花顺概念指数,48,885770
246,885769.TI,细胞免疫治疗,973.569,-0.6593,同花顺概念指数,48,885769
247,885768.TI,无人零售,1046.131,-0.5435,同花顺概念指数,48,885768
248,885767.TI,互联网保险,816.422,-1.0842,同花顺概念指数,48,885767
249,885766.TI,智能交通,1096.956,-0.445,同花顺概念指数,48,885766
250,885765.TI,互联网医疗,1030.945,-0.4666,同花顺概念指数,48,885765
251,885764.TI,自由贸易港,813.926,-0.3167,同花顺概念指数,48,885764
252,885761.TI,超级品牌,1439.202,-0.6444,同花顺概念指数,48,885761
253,885760.TI,装配式建筑,817.104,-0.0996,同花顺概念指数,48,885760
254,885759.TI,人脸识别,998.426,-0.6355,同花顺概念指数,48,885759
255,885758.TI,租售同权,778.512,-0.5877,同花顺概念指数,48,885758
256,885757.TI,区块链,1289.829,-0.6842,同花顺概念指数,48,885757
257,885756.TI,芯片概念,2598.558,-1.6712,同花顺概念指数,48,885756
258,885753.TI,网约车,1083.994,-0.1941,同花顺概念指数,48,885753
259,885750.TI,特色小镇,443.522,0.1818,同花顺概念指数,48,885750
260,885749.TI,蚂蚁金服概念,1349.054,-0.6969,同花顺概念指数,48,885749
261,885748.TI,可燃冰,1047.212,-0.7653,同花顺概念指数,48,885748
262,885747.TI,共享单车,1070.388,-0.8127,同花顺概念指数,48,885747
263,885745.TI,MSCI概念,1237.484,-1.1195,同花顺概念指数,48,885745
264,885744.TI,雄安新区,968.429,-0.2332,同花顺概念指数,48,885744
265,885743.TI,军民融合,1041.617,-1.1362,同花顺概念指数,48,885743
266,885742.TI,摘帽,703.237,-1.3664,同花顺概念指数,48,885742
267,885741.TI,中字头股票,1319.758,-0.8451,同花顺概念指数,48,885741
268,885740.TI,债转股(AMC概念),882.345,-1.0483,同花顺概念指数,48,885740
269,885739.TI,股权转让,790.379,-0.6153,同花顺概念指数,48,885739
270,885738.TI,OLED,1699.78,-1.6367,同花顺概念指数,48,885738
271,885737.TI,电子竞技,411.115,0.5916,同花顺概念指数,48,885737
272,885736.TI,无人驾驶,1844.378,-1.6987,同花顺概念指数,48,885736
273,885734.TI,广东自贸区,1179.531,-0.3486,同花顺概念指数,48,885734
274,885733.TI,航运概念,1278.193,-0.7852,同花顺概念指数,48,885733
275,885730.TI,量子科技,1442.363,-1.3071,同花顺概念指数,48,885730
276,885729.TI,参股新三板,895.274,-0.6821,同花顺概念指数,48,885729
277,885728.TI,人工智能,962.641,-0.7124,同花顺概念指数,48,885728
278,885710.TI,锂电池,1221.0,-1.5893,同花顺概念指数,48,885710
279,885709.TI,虚拟现实,691.007,-0.5337,同花顺概念指数,48,885709
280,885706.TI,农机,822.737,-1.1384,同花顺概念指数,48,885706
281,885705.TI,乡村振兴,922.955,-0.1294,同花顺概念指数,48,885705
282,885703.TI,健康中国,812.501,-0.2378,同花顺概念指数,48,885703
283,885701.TI,杭州亚运会,974.475,-0.3859,同花顺概念指数,48,885701
284,885700.TI,军工,1499.496,-1.3946,同花顺概念指数,48,885700
285,885699.TI,ST板块,632.769,0.657,同花顺概念指数,48,885699
286,885697.TI,深圳国企改革,1569.027,4.3099,同花顺概念指数,48,885697
287,885694.TI,深股通,980.656,-1.1898,同花顺概念指数,48,885694
288,885692.TI,地下管网,1092.626,-0.2395,同花顺概念指数,48,885692
289,885690.TI,PPP概念,796.013,-0.2697,同花顺概念指数,48,885690
290,885675.TI,集成电路概念,2083.097,-1.6523,同花顺概念指数,48,885675
291,885663.TI,证金持股,920.769,-0.497,同花顺概念指数,48,885663
292,885662.TI,车联网,882.002,-1.2181,同花顺概念指数,48,885662
293,885661.TI,医药电商,1050.833,-0.0819,同花顺概念指数,48,885661
294,885657.TI,供应链金融,611.449,-0.3311,同花顺概念指数,48,885657
295,885652.TI,钛白粉概念,1477.026,-0.5559,同花顺概念指数,48,885652
296,885650.TI,碳纤维,1226.477,-1.6343,同花顺概念指数,48,885650
297,885647.TI,互联网彩票,773.832,0.4772,同花顺概念指数,48,885647
298,885642.TI,跨境电商,706.382,-0.3077,同花顺概念指数,48,885642
299,885641.TI,风电,817.32,-1.1242,同花顺概念指数,48,885641
300,885640.TI,草甘膦,1299.699,-0.5085,同花顺概念指数,48,885640
301,885633.TI,染料,986.602,-0.7616,同花顺概念指数,48,885633
302,885629.TI,农村电商,1625.912,0.1886,同花顺概念指数,48,885629
303,885623.TI,参股保险,1208.301,-0.4591,同花顺概念指数,48,885623
304,885620.TI,参股券商,1184.719,-0.372,同花顺概念指数,48,885620
305,885619.TI,工业4.0,1898.81,-1.5924,同花顺概念指数,48,885619
306,885617.TI,福建自贸区,1035.935,-1.2103,同花顺概念指数,48,885617
307,885615.TI,体育产业,844.252,-0.2738,同花顺概念指数,48,885615
308,885611.TI,阿里巴巴概念,1403.882,-0.6745,同花顺概念指数,48,885611
309,885603.TI,网络游戏,1354.063,-0.2653,同花顺概念指数,48,885603
310,885598.TI,新股与次新股,18309.532,2.3596,同花顺概念指数,48,885598
311,885595.TI,央企国企改革,2395.949,-0.9428,同花顺概念指数,48,885595
312,885591.TI,中韩自贸区,1856.904,-0.4994,同花顺概念指数,48,885591
313,885587.TI,举牌,2109.801,1.3858,同花顺概念指数,48,885587
314,885586.TI,职业教育,1384.491,-0.692,同花顺概念指数,48,885586
315,885580.TI,足球概念,1024.854,-0.172,同花顺概念指数,48,885580
316,885578.TI,基因测序,1908.975,-0.5056,同花顺概念指数,48,885578
317,885574.TI,卫星导航,2918.841,-1.7945,同花顺概念指数,48,885574
318,885573.TI,猪肉,2921.062,0.9163,同花顺概念指数,48,885573
319,885572.TI,水利,1887.006,-0.3955,同花顺概念指数,48,885572
320,885571.TI,核电,2298.452,-1.2079,同花顺概念指数,48,885571
321,885570.TI,期货概念,1525.829,-0.8148,同花顺概念指数,48,885570
322,885568.TI,国产软件,3770.742,-0.7905,同花顺概念指数,48,885568
323,885566.TI,大飞机,2407.681,-1.525,同花顺概念指数,48,885566
324,885564.TI,无人机,1936.86,-1.5761,同花顺概念指数,48,885564
325,885563.TI,节能环保,1798.831,-0.8793,同花顺概念指数,48,885563
326,885562.TI,高铁,2359.493,-1.4092,同花顺概念指数,48,885562
327,885560.TI,金改,2235.262,0.233,同花顺概念指数,48,885560
328,885556.TI,5G,3528.798,-1.5657,同花顺概念指数,48,885556
329,885555.TI,PM2.5,1207.02,-1.09,同花顺概念指数,48,885555
330,885552.TI,小金属概念,1895.827,-1.3973,同花顺概念指数,48,885552
331,885551.TI,氟化工概念,3127.457,-1.2411,同花顺概念指数,48,885551
332,885545.TI,汽车电子,3160.928,-1.7467,同花顺概念指数,48,885545
333,885544.TI,新材料概念,2806.453,-1.3274,同花顺概念指数,48,885544
334,885543.TI,家用电器,2643.462,-1.4418,同花顺概念指数,48,885543
335,885540.TI,三胎概念,1874.64,-0.6039,同花顺概念指数,48,885540
336,885539.TI,医疗器械概念,2440.748,-0.8465,同花顺概念指数,48,885539
337,885537.TI,3D打印,2534.879,-1.6115,同花顺概念指数,48,885537
338,885531.TI,光伏概念,2960.167,-1.3036,同花顺概念指数,48,885531
339,885530.TI,黄金概念,1870.431,-0.7327,同花顺概念指数,48,885530
340,885525.TI,白酒概念,8027.929,0.4563,同花顺概念指数,48,885525
341,885522.TI,养老概念,1953.315,-0.0848,同花顺概念指数,48,885522
342,885521.TI,粤港澳大湾区,1866.872,-0.0915,同花顺概念指数,48,885521
343,885520.TI,沪股通,1754.673,-1.0856,同花顺概念指数,48,885520
344,885517.TI,机器人概念,2489.455,-1.6726,同花顺概念指数,48,885517
345,885514.TI,京津冀一体化,1594.149,-0.7413,同花顺概念指数,48,885514
346,885508.TI,禽流感,2207.914,0.0532,同花顺概念指数,48,885508
347,885505.TI,生态农业,1404.64,-0.3801,同花顺概念指数,48,885505
348,885502.TI,冷链物流,1369.279,-0.4758,同花顺概念指数,48,885502
349,885500.TI,通用航空,1544.832,-1.4052,同花顺概念指数,48,885500
350,885497.TI,在线旅游,2232.909,1.384,同花顺概念指数,48,885497
351,885494.TI,一带一路,1688.756,-0.8803,同花顺概念指数,48,885494
352,885493.TI,上海国企改革,1403.465,0.0202,同花顺概念指数,48,885493
353,885490.TI,民营医院,1503.349,-0.3251,同花顺概念指数,48,885490
354,885487.TI,天津自贸区,1091.015,-1.3549,同花顺概念指数,48,885487
355,885480.TI,在线教育,2534.62,-0.3336,同花顺概念指数,48,885480
356,885478.TI,智能家居,2745.58,-1.2198,同花顺概念指数,48,885478
357,885472.TI,上海自贸区,3193.019,-0.5831,同花顺概念指数,48,885472
358,885467.TI,特斯拉,3404.877,-1.9079,同花顺概念指数,48,885467
359,885462.TI,乳业,2000.532,0.6823,同花顺概念指数,48,885462
360,885461.TI,充电桩,4198.819,-1.7099,同花顺概念指数,48,885461
361,885459.TI,网络安全,4365.63,-0.8074,同花顺概念指数,48,885459
362,885457.TI,手机游戏,2389.226,0.2257,同花顺概念指数,48,885457
363,885456.TI,互联网金融,4411.845,-0.5041,同花顺概念指数,48,885456
364,885454.TI,智能穿戴,2694.268,-1.1265,同花顺概念指数,48,885454
365,885452.TI,大数据,3016.263,-0.0807,同花顺概念指数,48,885452
366,885439.TI,土地流转,1950.269,0.1551,同花顺概念指数,48,885439
367,885433.TI,节能照明,3614.403,-1.3193,同花顺概念指数,48,885433
368,885431.TI,新能源汽车,2826.202,-1.8059,同花顺概念指数,48,885431
369,885430.TI,天然气,1150.11,-0.8835,同花顺概念指数,48,885430
370,885428.TI,特钢概念,2733.722,-1.4185,同花顺概念指数,48,885428
371,885427.TI,高端装备,2083.062,-1.6864,同花顺概念指数,48,885427
372,885426.TI,海工装备,1867.841,-1.4196,同花顺概念指数,48,885426
373,885425.TI,特高压,2645.835,-1.4545,同花顺概念指数,48,885425
374,885423.TI,安防,3447.001,-0.7678,同花顺概念指数,48,885423
375,885420.TI,电子商务,2974.914,-0.3745,同花顺概念指数,48,885420
376,885418.TI,文化传媒,2432.921,1.0879,同花顺概念指数,48,885418
377,885413.TI,创投,2579.803,-0.6682,同花顺概念指数,48,885413
378,885412.TI,污水处理,1395.701,-0.7039,同花顺概念指数,48,885412
379,885410.TI,固废处理,1626.076,-0.8845,同花顺概念指数,48,885410
380,885406.TI,食品安全,3672.681,-1.1226,同花顺概念指数,48,885406
381,885403.TI,生物医药,2492.8,-0.4893,同花顺概念指数,48,885403
382,885402.TI,智能医疗,3662.572,-0.5313,同花顺概念指数,48,885402
383,885398.TI,煤化工,1980.158,-0.4033,同花顺概念指数,48,885398
384,885386.TI,建筑节能,1145.079,-0.9139,同花顺概念指数,48,885386
385,885378.TI,智慧城市,3450.612,-0.3832,同花顺概念指数,48,885378
386,885376.TI,苹果概念,2906.025,-1.7142,同花顺概念指数,48,885376
387,885372.TI,页岩气,1853.804,-0.7674,同花顺概念指数,48,885372
388,885362.TI,云计算,3113.533,-0.8187,同花顺概念指数,48,885362
389,885355.TI,石墨烯,1128.093,-1.113,同花顺概念指数,48,885355
390,885345.TI,新疆振兴,865.9,-0.7895,同花顺概念指数,48,885345
391,885343.TI,稀土永磁,1904.96,-1.2017,同花顺概念指数,48,885343
392,885338.TI,融资融券,1206.27,-0.2652,同花顺概念指数,48,885338
393,885333.TI,移动支付,1901.884,-1.2836,同花顺概念指数,48,885333
394,885312.TI,物联网,2151.785,-1.3285,同花顺概念指数,48,885312
395,885311.TI,智能电网,2414.229,-1.2206,同花顺概念指数,48,885311
396,885284.TI,稀缺资源,1191.018,-1.5637,同花顺概念指数,48,885284
